stop_id,name,service_branch,side,stop_order,stop_type,stop_date,place_label,place_standardized,certainty,source_field,source_excerpt,notes_for_mapping,lat,lon
1,Pedro Acow,Army,Union,1,birth_place,,"Canton, China","Canton, China",exact,born_if_known,"Canton, China",,,
2,Pedro Acow,Army,Union,2,residence_at_enlistment,,,,approximate,important_notes,,Residence listed in notes; standardized place is best city/state match for mapping.,,
3,Pedro Acow,Army,Union,3,enlistment_or_service_state,,Louisiana,Louisiana,approximate,regiment_state + important_notes,,State-only location is approximate and may reflect regiment origin rather than exact enlistment place.,,
4,John Ahsoo,Army,Union,1,birth_place,,China,China,exact,born_if_known,China,,,
5,John Ahsoo,Army,Union,2,residence_at_enlistment,,,,approximate,important_notes,,Residence listed in notes; standardized place is best city/state match for mapping.,,
6,John Ahsoo,Army,Union,3,enlistment_or_service_state,,"New York, New York","New York, New York",approximate,regiment_state + important_notes,,,,
7,John Ahusoo,Army,Union,1,birth_place,,China,China,exact,born_if_known,China,,,
8,John Ahusoo,Army,Union,2,residence_at_enlistment,,,,approximate,important_notes,,Residence listed in notes; standardized place is best city/state match for mapping.,,
9,John Ahusoo,Army,Union,3,enlistment_or_service_state,,"New York, New York","New York, New York",approximate,regiment_state + important_notes,,,,
10,John Ahwoo *might be #3,Army,,1,residence_at_enlistment,,,,approximate,important_notes,,Residence listed in notes; standardized place is best city/state match for mapping.,,
11,John Ashwoo* might be #3,Army,,1,residence_at_enlistment,,,,approximate,important_notes,,Residence listed in notes; standardized place is best city/state match for mapping.,,
12,John Bobson,Army,Union,1,residence_at_enlistment,,,,approximate,important_notes,"Muster 2 Date: 31 May 1865; Muster 2 Place: New York; Muster 2 Unit: 1597; Muster 2 Company: B; Muster 2 Regiment: 90th Infantry; Muster 2 Regiment Type: Infantry; Muster 2 Information: Transferred; Muster Out 2 Date: 18 Oct 1865; Muster Out 2 Place: Savannah, Georgia; Muster Out 2 Information: Mustered Out; Enlisted in Jamaica, 0ct 3, 1864; Military age: 28",Residence listed in notes; standardized place is best city/state match for mapping.,,
13,John Bobson,Army,Union,2,enlistment_or_service_state,"Oct 3, 1864","Jamaica, New York","Jamaica, New York",exact,important_notes,"Muster 2 Date: 31 May 1865; Muster 2 Place: New York; Muster 2 Unit: 1597; Muster 2 Company: B; Muster 2 Regiment: 90th Infantry; Muster 2 Regiment Type: Infantry; Muster 2 Information: Transferred; Muster Out 2 Date: 18 Oct 1865; Muster Out 2 Place: Savannah, Georgia; Muster Out 2 Information: Mustered Out; Enlisted in Jamaica, 0ct 3, 1864; Military age: 28",,,
14,John Bobson,Army,Union,3,service_station,"October 18, 1865","Savannah, Georgia","Savannah, Georgia",approximate,important_notes,"Muster 2 Date: 31 May 1865; Muster 2 Place: New York; Muster 2 Unit: 1597; Muster 2 Company: B; Muster 2 Regiment: 90th Infantry; Muster 2 Regiment Type: Infantry; Muster 2 Information: Transferred; Muster Out 2 Date: 18 Oct 1865; Muster Out 2 Place: Savannah, Georgia; Muster Out 2 Information: Mustered Out; Enlisted in Jamaica, 0ct 3, 1864; Military age: 28","Station/location inferred from notes; may represent receiving ship, yard, prison, or service area rather than a full route.",,
15,John Bobson,Army,Union,4,discharge_or_muster_out,Oct 1865,"Savannah, Georgia","Savannah, Georgia",exact,important_notes,"Muster 2 Date: 31 May 1865; Muster 2 Place: New York; Muster 2 Unit: 1597; Muster 2 Company: B; Muster 2 Regiment: 90th Infantry; Muster 2 Regiment Type: Infantry; Muster 2 Information: Transferred; Muster Out 2 Date: 18 Oct 1865; Muster Out 2 Place: Savannah, Georgia; Muster Out 2 Information: Mustered Out; Enlisted in Jamaica, 0ct 3, 1864; Military age: 28",,,
16,Joseph Bulah,Army,Union,1,birth_place,,China,China,exact,born_if_known,China,,,
17,Joseph Bulah,Army,Union,2,residence_at_enlistment,,,,approximate,important_notes,"Enlisted Sept 17 1863, arrested Sept 23 1863. Held in D.C. for remainder of war. Never settled debts.",Residence listed in notes; standardized place is best city/state match for mapping.,,
18,Joseph Bulah,Army,Union,3,enlistment_or_service_state,Sept 17 1863,Pennsylvania,Pennsylvania,approximate,regiment_state + important_notes,"Enlisted Sept 17 1863, arrested Sept 23 1863. Held in D.C. for remainder of war. Never settled debts.",State-only location is approximate and may reflect regiment origin rather than exact enlistment place.,,
19,Joseph Bulah,Army,Union,4,service_station,"Sept 23, 1863","Washington, District of Columbia","Washington, District of Columbia",approximate,important_notes,"Enlisted Sept 17 1863, arrested Sept 23 1863. Held in D.C. for remainder of war. Never settled debts.","Station/location inferred from notes; may represent receiving ship, yard, prison, or service area rather than a full route.",,
20,Ah Pon Chon,Army,Confederate,1,residence_at_enlistment,,,,approximate,important_notes,"Alternate name: Abraham C./ Cohn. Imprisoned April 8th at Pettsberg Lay, likely after Island Number Ten Battle OR Battle of Shiloh; Captured at Pittsburgh. Camp Douglas, 1862 (see https://en.wikipedia.org/wiki/Camp_Douglas_(Chicago) for description of environment); Exchange of Prisoners to Vicksburg, september 7th, 1862. ""Released on taking the oath of allegiance.""; Discharged August 30th; (just found this- https://bluegraychinese.blogspot.com/2014/12/chon-ah-pon.html- not sure what to think)",Residence listed in notes; standardized place is best city/state match for mapping.,,
21,Ah Pon Chon,Army,Confederate,2,enlistment_or_service_state,,Louisiana,Louisiana,approximate,regiment_state + important_notes,"Alternate name: Abraham C./ Cohn. Imprisoned April 8th at Pettsberg Lay, likely after Island Number Ten Battle OR Battle of Shiloh; Captured at Pittsburgh. Camp Douglas, 1862 (see https://en.wikipedia.org/wiki/Camp_Douglas_(Chicago) for description of environment); Exchange of Prisoners to Vicksburg, september 7th, 1862. ""Released on taking the oath of allegiance.""; Discharged August 30th; (just found this- https://bluegraychinese.blogspot.com/2014/12/chon-ah-pon.html- not sure what to think)",State-only location is approximate and may reflect regiment origin rather than exact enlistment place.,,
22,Ah Pon Chon,Army,Confederate,3,service_station,,"Chicago, Illinois","Chicago, Illinois",approximate,important_notes,"Alternate name: Abraham C./ Cohn. Imprisoned April 8th at Pettsberg Lay, likely after Island Number Ten Battle OR Battle of Shiloh; Captured at Pittsburgh. Camp Douglas, 1862 (see https://en.wikipedia.org/wiki/Camp_Douglas_(Chicago) for description of environment); Exchange of Prisoners to Vicksburg, september 7th, 1862. ""Released on taking the oath of allegiance.""; Discharged August 30th; (just found this- https://bluegraychinese.blogspot.com/2014/12/chon-ah-pon.html- not sure what to think)","Station/location inferred from notes; may represent receiving ship, yard, prison, or service area rather than a full route.",,
23,Ah Pon Chon,Army,Confederate,4,service_station,,"Vicksburg, Mississippi","Vicksburg, Mississippi",approximate,important_notes,"Alternate name: Abraham C./ Cohn. Imprisoned April 8th at Pettsberg Lay, likely after Island Number Ten Battle OR Battle of Shiloh; Captured at Pittsburgh. Camp Douglas, 1862 (see https://en.wikipedia.org/wiki/Camp_Douglas_(Chicago) for description of environment); Exchange of Prisoners to Vicksburg, september 7th, 1862. ""Released on taking the oath of allegiance.""; Discharged August 30th; (just found this- https://bluegraychinese.blogspot.com/2014/12/chon-ah-pon.html- not sure what to think)","Station/location inferred from notes; may represent receiving ship, yard, prison, or service area rather than a full route.",,
24,Ah Pon Chon,Army,Confederate,5,service_station,,"Pittsburgh Landing, Tennessee","Pittsburgh Landing, Tennessee",approximate,important_notes,"Alternate name: Abraham C./ Cohn. Imprisoned April 8th at Pettsberg Lay, likely after Island Number Ten Battle OR Battle of Shiloh; Captured at Pittsburgh. Camp Douglas, 1862 (see https://en.wikipedia.org/wiki/Camp_Douglas_(Chicago) for description of environment); Exchange of Prisoners to Vicksburg, september 7th, 1862. ""Released on taking the oath of allegiance.""; Discharged August 30th; (just found this- https://bluegraychinese.blogspot.com/2014/12/chon-ah-pon.html- not sure what to think)","Station/location inferred from notes; may represent receiving ship, yard, prison, or service area rather than a full route.",,
25,Edward Day Cohota,Army,,1,residence_at_enlistment,,,,approximate,important_notes,,Residence listed in notes; standardized place is best city/state match for mapping.,,
26,Antonio Dardell(e),Army,,1,birth_place,1844,China,China,exact,born_if_known,"China, January 1 1844 or August 23; Clear struggle to prove date of birth",,,
27,Antonio Dardell(e),Army,,2,residence_at_enlistment,,,,approximate,important_notes,"Enlisted for 9 months Oct 3. 1862, Discharged July 27, 1863. Nov and Dec 1862 was sick at general hospital until June1863. Jan 27/63 transferred to New Haven; Pension (approved) record also available: Filed April 13, 1916. Address listed as 292 George St.; Married to Mary ? Payne, then Mary Dardell April 9th, 1868. Has three children (names illegible); Jan 31-1933 Flag used for burial; http://query.nytimes.com/mem/archive-free/pdf?res=FA0D11F63855157A93C5A81788D85F468884F9 (naturalization information); https://books.google.com/books?id=uCpKAAAAMAAJ&q=%22Antonio+Dardell%22&dq=%22Antonio+Dardell%22&hl=en&sa=X&ei=JB4iU8O2BMSzkAesmYHADg&ved=0CEoQ6AEwBA; https://bluegraychinese.blogspot.com/2014/03/antonio-dardelle.html",Residence listed in notes; standardized place is best city/state match for mapping.,,
28,Antonio Dardell(e),Army,,3,enlistment_or_service_state,Oct. 3 1862,Connecticut,Connecticut,approximate,regiment_state + important_notes,"Enlisted for 9 months Oct 3. 1862, Discharged July 27, 1863. Nov and Dec 1862 was sick at general hospital until June1863. Jan 27/63 transferred to New Haven; Pension (approved) record also available: Filed April 13, 1916. Address listed as 292 George St.; Married to Mary ? Payne, then Mary Dardell April 9th, 1868. Has three children (names illegible); Jan 31-1933 Flag used for burial; http://query.nytimes.com/mem/archive-free/pdf?res=FA0D11F63855157A93C5A81788D85F468884F9 (naturalization information); https://books.google.com/books?id=uCpKAAAAMAAJ&q=%22Antonio+Dardell%22&dq=%22Antonio+Dardell%22&hl=en&sa=X&ei=JB4iU8O2BMSzkAesmYHADg&ved=0CEoQ6AEwBA; https://bluegraychinese.blogspot.com/2014/03/antonio-dardelle.html",State-only location is approximate and may reflect regiment origin rather than exact enlistment place.,,
29,Antonio Dardell(e),Army,,4,service_station,January 1863,"New Haven, Connecticut","New Haven, Connecticut",approximate,important_notes,"Enlisted for 9 months Oct 3. 1862, Discharged July 27, 1863. Nov and Dec 1862 was sick at general hospital until June1863. Jan 27/63 transferred to New Haven; Pension (approved) record also available: Filed April 13, 1916. Address listed as 292 George St.; Married to Mary ? Payne, then Mary Dardell April 9th, 1868. Has three children (names illegible); Jan 31-1933 Flag used for burial; http://query.nytimes.com/mem/archive-free/pdf?res=FA0D11F63855157A93C5A81788D85F468884F9 (naturalization information); https://books.google.com/books?id=uCpKAAAAMAAJ&q=%22Antonio+Dardell%22&dq=%22Antonio+Dardell%22&hl=en&sa=X&ei=JB4iU8O2BMSzkAesmYHADg&ved=0CEoQ6AEwBA; https://bluegraychinese.blogspot.com/2014/03/antonio-dardelle.html","Station/location inferred from notes; may represent receiving ship, yard, prison, or service area rather than a full route.",,
30,Antonio Dardell(e),Army,,5,discharge_or_muster_out,"July 27, 1863","New Haven, Connecticut","New Haven, Connecticut",approximate,important_notes,"Enlisted for 9 months Oct 3. 1862, Discharged July 27, 1863. Nov and Dec 1862 was sick at general hospital until June1863. Jan 27/63 transferred to New Haven; Pension (approved) record also available: Filed April 13, 1916. Address listed as 292 George St.; Married to Mary ? Payne, then Mary Dardell April 9th, 1868. Has three children (names illegible); Jan 31-1933 Flag used for burial; http://query.nytimes.com/mem/archive-free/pdf?res=FA0D11F63855157A93C5A81788D85F468884F9 (naturalization information); https://books.google.com/books?id=uCpKAAAAMAAJ&q=%22Antonio+Dardell%22&dq=%22Antonio+Dardell%22&hl=en&sa=X&ei=JB4iU8O2BMSzkAesmYHADg&ved=0CEoQ6AEwBA; https://bluegraychinese.blogspot.com/2014/03/antonio-dardelle.html",,,
30,Antonio Dardell(e),Army,,5,residence_after_enlistment,13-Apr-16,292 George Street,"New Haven, Connecticut",approximate,important_notes,"Enlisted for 9 months Oct 3. 1862, Discharged July 27, 1863. Nov and Dec 1862 was sick at general hospital until June1863. Jan 27/63 transferred to New Haven; Pension (approved) record also available: Filed April 13, 1916. Address listed as 292 George St.; Married to Mary ? Payne, then Mary Dardell April 9th, 1868. Has three children (names illegible); Jan 31-1933 Flag used for burial; http://query.nytimes.com/mem/archive-free/pdf?res=FA0D11F63855157A93C5A81788D85F468884F9 (naturalization information); https://books.google.com/books?id=uCpKAAAAMAAJ&q=%22Antonio+Dardell%22&dq=%22Antonio+Dardell%22&hl=en&sa=X&ei=JB4iU8O2BMSzkAesmYHADg&ved=0CEoQ6AEwBA; https://bluegraychinese.blogspot.com/2014/03/antonio-dardelle.html",,,
31,Ab(e) Dola,Army,,1,birth_place,1838,China,China,exact,born_if_known,China 26 at enlistment,,,
32,Ab(e) Dola,Army,,2,residence_at_enlistment,,,,approximate,important_notes,"Enlisted January 22, 1864. Deserted July 3 '65. Part of the African American Civil War Memorial. B-47",Residence listed in notes; standardized place is best city/state match for mapping.,,
33,Tsz-Zeh Dzau,Army,,1,residence_at_enlistment,,,,approximate,important_notes,,Residence listed in notes; standardized place is best city/state match for mapping.,,
34,"Adam Fow (Foy, Fou)",Army,Union,1,birth_place,1840,"Canton, China","Canton, China",exact,born_if_known,"Canton, China 22 at Enlistment",,,
35,"Adam Fow (Foy, Fou)",Army,Union,2,residence_at_enlistment,,,,approximate,important_notes,"Enlisted September 23 1862. Absent without leave Since July 4, 1864.. Dropped as deserter Oct, 1 1864",Residence listed in notes; standardized place is best city/state match for mapping.,,
36,"Adam Fow (Foy, Fou)",Army,Union,3,enlistment_or_service_state,September 23 1862,Louisiana,Louisiana,approximate,regiment_state + important_notes,"Enlisted September 23 1862. Absent without leave Since July 4, 1864.. Dropped as deserter Oct, 1 1864",State-only location is approximate and may reflect regiment origin rather than exact enlistment place.,,
37,John Francis,Army,,1,residence_at_enlistment,,,,approximate,important_notes,,Residence listed in notes; standardized place is best city/state match for mapping.,,
38,Henry C. Fung/ Young,Army,,1,residence_at_enlistment,,,,approximate,important_notes,,Residence listed in notes; standardized place is best city/state match for mapping.,,
39,Neok Woo Hong/ Neok Ung Hong?,Army,,1,birth_place,,https://bluegraychinese.blogspot.com/search/label/Hong%20Neok%20Woo,https://bluegraychinese.blogspot.com/search/label/Hong%20Neok%20Woo,exact,born_if_known,https://bluegraychinese.blogspot.com/search/label/Hong%20Neok%20Woo,,,
40,Neok Woo Hong/ Neok Ung Hong?,Army,,2,residence_at_enlistment,,,,approximate,important_notes,https://lancasteronline.com/opinion/columnists/chinese-native-worked-for-lancaster-newspapers-served-in-union-army-the-scribbler/article_a4f23dd2-a91c-11eb-8c63-973563001a40.html,Residence listed in notes; standardized place is best city/state match for mapping.,,
41,John Hussey,Army,,1,residence_at_enlistment,,,,approximate,important_notes,,Residence listed in notes; standardized place is best city/state match for mapping.,,
42,James Johnson,Army,,1,residence_at_enlistment,,,,approximate,important_notes,,Residence listed in notes; standardized place is best city/state match for mapping.,,
43,John Kim,Army,,1,residence_at_enlistment,,,,approximate,important_notes,,Residence listed in notes; standardized place is best city/state match for mapping.,,
44,Ling. Kubser,Army,,1,birth_place,,https://bluegraychinese.blogspot.com/search/label/Ling%20Kubser,https://bluegraychinese.blogspot.com/search/label/Ling%20Kubser,exact,born_if_known,https://bluegraychinese.blogspot.com/search/label/Ling%20Kubser,,,
45,Ling. Kubser,Army,,2,residence_at_enlistment,,,,approximate,important_notes,,Residence listed in notes; standardized place is best city/state match for mapping.,,
46,William Henry Kwan (kean),Army,,1,residence_at_enlistment,,,,approximate,important_notes,,Residence listed in notes; standardized place is best city/state match for mapping.,,
47,James Labord,Army,,1,residence_at_enlistment,,,,approximate,important_notes,,Residence listed in notes; standardized place is best city/state match for mapping.,,
48,Juan Lodigo(e),Army,Union,1,residence_at_enlistment,,,,approximate,important_notes,"Enlisted Dec 3rd 1864. He is noted as being part of the African American Civil War Memorial, B-47. ""Substitute for Edward M Pretts."" Deserted from camp at White Ranch, TX. Owed money to the government.. ""Due U.S. 24.46 for extra issues""",Residence listed in notes; standardized place is best city/state match for mapping.,,
49,Juan Lodigo(e),Army,Union,2,enlistment_or_service_state,Dec 3rd 1864,"New Haven, Connecticut","New Haven, Connecticut",approximate,regiment_state + important_notes,"Enlisted Dec 3rd 1864. He is noted as being part of the African American Civil War Memorial, B-47. ""Substitute for Edward M Pretts."" Deserted from camp at White Ranch, TX. Owed money to the government.. ""Due U.S. 24.46 for extra issues""",,,
50,"William McCloclan; (McClaclan, McCloclau, McLaughin); Chinese Name, Tung Ting",Army,Union,1,birth_place,1841,China,China,exact,born_if_known,"Born about 1841, China",,,
51,"William McCloclan; (McClaclan, McCloclau, McLaughin); Chinese Name, Tung Ting",Army,Union,2,residence_at_enlistment,,,,approximate,important_notes,"Two enlistment dates, August 21 and Sept 5 1862. Two discharge dates, May 28th and september 29th 1864. HOLY SHIT- Disapproved Pension File. Apparently he went under two names for both the navy and the infantry. HIS STATEMENT EXISTS-- Spend time here!",Residence listed in notes; standardized place is best city/state match for mapping.,,
52,"William McCloclan; (McClaclan, McCloclau, McLaughin); Chinese Name, Tung Ting",Army,Union,3,enlistment_or_service_state,"August 21, 1862; September 5, 1862",New York City,New York City,approximate,regiment_state + important_notes,"Two enlistment dates, August 21 and Sept 5 1862. Two discharge dates, May 28th and september 29th 1864. HOLY SHIT- Disapproved Pension File. Apparently he went under two names for both the navy and the infantry. HIS STATEMENT EXISTS-- Spend time here!",,,
53,A. Moor,Army,,1,residence_at_enlistment,,,,approximate,important_notes,,Residence listed in notes; standardized place is best city/state match for mapping.,,
54,John Phillips,Army,,1,residence_at_enlistment,,,,approximate,important_notes,,Residence listed in notes; standardized place is best city/state match for mapping.,,
55,Joseph Pierce,Army,,1,residence_at_enlistment,,,,approximate,important_notes,,Residence listed in notes; standardized place is best city/state match for mapping.,,
56,Thomas Sylvanus,Army,,1,residence_at_enlistment,,,,approximate,important_notes,,Residence listed in notes; standardized place is best city/state match for mapping.,,
57,John Tomney,Army,,1,residence_at_enlistment,,,,approximate,important_notes,,Residence listed in notes; standardized place is best city/state match for mapping.,,
58,Alfred Wong,Army,,1,residence_at_enlistment,,,,approximate,important_notes,,Residence listed in notes; standardized place is best city/state match for mapping.,,
59,Tannroi Acoaw,Navy,,1,residence_at_enlistment,,,,approximate,important_notes,,Residence listed in notes; standardized place is best city/state match for mapping.,,
60,John Afoo,Navy,,1,birth_place,1821-1822,China,China,exact,born_if_known,China (Swarthy complexion?); born 1821-1822,,,
61,John Afoo,Navy,,2,residence_at_enlistment,,,,approximate,important_notes,,Residence listed in notes; standardized place is best city/state match for mapping.,,
62,John Afoo,Navy,,3,rendezvous_or_enlistment,,"New York, New York","New York, New York",approximate,regiment_state + important_notes,,,,
63,Ah Chee,Navy,,1,residence_at_enlistment,,,,approximate,important_notes,,Residence listed in notes; standardized place is best city/state match for mapping.,,
64,Ah Poa,Navy,,1,residence_at_enlistment,,,,approximate,important_notes,,Residence listed in notes; standardized place is best city/state match for mapping.,,
65,John Ah Shoen (Shen) (Shon),Navy,,1,birth_place,,"Macao, China","Macao, China",exact,born_if_known,"Macao, China",,,
65,John Ah Shoen (Shen) (Shon),Navy,,1,enlistment_or_service_state,"Dec. 8, 1861","New York, New York","New York, New York",exact,important_notes,"Enlisted: December 8th, 1861. U.S.S. Pursuit. Honorably discharged at St. Joseph's Bay January 1865. Filed for pension July 6, 1891.; Residence: 20 Mott St, New York, NY; failure to claim pension April 1898; Disabled by: ""Phithis pulmonalis, rheumatism, i",,,
66,John Ah Shoen (Shen) (Shon),Navy,,2,residence_after_enlistment,,"20 Mott St, New York, NY","New York, New York",approximate,important_notes,"Enlisted: December 8th, 1861. U.S.S. Pursuit. Honorably discharged at St. Joseph's Bay January 1865. Filed for pension July 6, 1891.; Residence: 20 Mott St, New York, NY; failure to claim pension April 1898; Disabled by: ""Phithis pulmonalis, rheumatism, injury of left clavicle""; Came to the U.S. in 1859",Residence listed in notes; standardized place is best city/state match for mapping.,,
67,John Ah Shoen (Shen) (Shon),Navy,,3,service_station,January 1865,"St. Joseph Bay, Florida","St. Joseph Bay, Florida",approximate,important_notes,"Enlisted: December 8th, 1861. U.S.S. Pursuit. Honorably discharged at St. Joseph's Bay January 1865. Filed for pension July 6, 1891.; Residence: 20 Mott St, New York, NY; failure to claim pension April 1898; Disabled by: ""Phithis pulmonalis, rheumatism, injury of left clavicle""; Came to the U.S. in 1859","Station/location inferred from notes; may represent receiving ship, yard, prison, or service area rather than a full route.",,
68,John Ah Shoen (Shen) (Shon),Navy,,4,discharge_or_muster_out,,"St. Joseph Bay, Florida","St. Joseph Bay, Florida",exact,important_notes,"Enlisted: December 8th, 1861. U.S.S. Pursuit. Honorably discharged at St. Joseph's Bay January 1865. Filed for pension July 6, 1891.; Residence: 20 Mott St, New York, NY; failure to claim pension April 1898; Disabled by: ""Phithis pulmonalis, rheumatism, injury of left clavicle""; Came to the U.S. in 1859",,,
69,Ah Sin,Navy,,1,residence_at_enlistment,,,,approximate,important_notes,All three of these in grey are in enlistment records after the end of the Civil War,Residence listed in notes; standardized place is best city/state match for mapping.,,
70,Ah Soo,Navy,,1,residence_at_enlistment,,,,approximate,important_notes,,Residence listed in notes; standardized place is best city/state match for mapping.,,
71,Ah wo,Navy,,1,residence_at_enlistment,,,,approximate,important_notes,,Residence listed in notes; standardized place is best city/state match for mapping.,,
72,Ah Wong,Navy,,1,residence_at_enlistment,,,,approximate,important_notes,,Residence listed in notes; standardized place is best city/state match for mapping.,,
73,John Ahoy,Navy,Union,1,birth_place,1834,China,China,exact,born_if_known,"China, 1834",,,
74,John Ahoy,Navy,Union,2,residence_at_enlistment,,,,approximate,important_notes,"Enlisted March 3, 1862 (Same day as John Afoo); Complexion: ""Swarthy""; Relief, R.S. Boston, 2/20/64- Harvest Moon, Philadelphia, Discharged March 7, 1865 R. S. Phil",Residence listed in notes; standardized place is best city/state match for mapping.,,
75,John Ahoy,Navy,Union,3,rendezvous_or_enlistment,"March 3, 1862","New York, New York","New York, New York",approximate,regiment_state + important_notes,"Enlisted March 3, 1862 (Same day as John Afoo); Complexion: ""Swarthy""; Relief, R.S. Boston, 2/20/64- Harvest Moon, Philadelphia, Discharged March 7, 1865 R. S. Phil",,,
76,John Ahoy,Navy,Union,4,service_station,Feb. 20 1864,"Boston, Massachusetts","Boston, Massachusetts",approximate,important_notes,"Enlisted March 3, 1862 (Same day as John Afoo); Complexion: ""Swarthy""; Relief, R.S. Boston, 2/20/64- Harvest Moon, Philadelphia, Discharged March 7, 1865 R. S. Phil","Station/location inferred from notes; may represent receiving ship, yard, prison, or service area rather than a full route.",,
77,John Ahoy,Navy,Union,5,discharge_or_muster_out,"March 7, 1865","Philadelphia, Pennsylvania","Philadelphia, Pennsylvania",approximate,important_notes,"Enlisted March 3, 1862 (Same day as John Afoo); Complexion: ""Swarthy""; Relief, R.S. Boston, 2/20/64- Harvest Moon, Philadelphia, Discharged March 7, 1865 R. S. Phil",,,
78,Thomas Ahoy,Navy,Union,1,birth_place,1836,"Macao, China","Macao, China",exact,born_if_known,"Macao, China, 1836",,,
79,Thomas Ahoy,Navy,Union,2,residence_at_enlistment,,,,approximate,important_notes,"Enlisted Nov 9th, 1860 for three years.; Occupation: ""Cook""; Complexion: ""Tawny""",Residence listed in notes; standardized place is best city/state match for mapping.,,
80,Thomas Ahoy,Navy,Union,3,rendezvous_or_enlistment,"Nov 9th, 1860","Philadelphia, Pennsylvania","Philadelphia, Pennsylvania",approximate,regiment_state + important_notes,"Enlisted Nov 9th, 1860 for three years.; Occupation: ""Cook""; Complexion: ""Tawny""",,,
81,John Akee,Navy,Union,1,birth_place,1844,China,China,exact,born_if_known,"China, 1844",,,
82,John Akee,Navy,Union,2,residence_at_enlistment,1864,"New York, Third District, Brooklyn","Brooklyn, New York",approximate,important_notes,"Enlisted May 24th, 1864.; Residence: New York, Third District, Brooklyn; Occupation: Steward; ""Scars under left arm and over left eyebrow (dark spot on belly""; 7-2-64: Tallapoosa Pursuit D. May 27.; 1865 R.S.N.Y. late Tallapoosa",Residence listed in notes; standardized place is best city/state match for mapping.,,
83,John Akee,Navy,Union,3,rendezvous_or_enlistment,"May 24th, 1864","New York, New York","New York, New York",approximate,regiment_state + important_notes,"Enlisted May 24th, 1864.; Residence: New York, Third District, Brooklyn; Occupation: Steward; ""Scars under left arm and over left eyebrow (dark spot on belly""; 7-2-64: Tallapoosa Pursuit D. May 27.; 1865 R.S.N.Y. late Tallapoosa",,,
84,John Akee,Navy,Union,4,service_station,,"New York, New York","New York, New York",approximate,important_notes,"Enlisted May 24th, 1864.; Residence: New York, Third District, Brooklyn; Occupation: Steward; ""Scars under left arm and over left eyebrow (dark spot on belly""; 7-2-64: Tallapoosa Pursuit D. May 27.; 1865 R.S.N.Y. late Tallapoosa","Station/location inferred from notes; may represent receiving ship, yard, prison, or service area rather than a full route.",,
85,John Akee,Navy,Union,5,service_station,,"Brooklyn, New York","Brooklyn, New York",approximate,important_notes,"Enlisted May 24th, 1864.; Residence: New York, Third District, Brooklyn; Occupation: Steward; ""Scars under left arm and over left eyebrow (dark spot on belly""; 7-2-64: Tallapoosa Pursuit D. May 27.; 1865 R.S.N.Y. late Tallapoosa","Station/location inferred from notes; may represent receiving ship, yard, prison, or service area rather than a full route.",,
86,John Ali,Navy,,1,residence_at_enlistment,,,,approximate,important_notes,,Residence listed in notes; standardized place is best city/state match for mapping.,,
87,John Arnang (Arnung),Navy,Union,1,birth_place,1841-1842,China,China,exact,born_if_known,"China, 1841-1842",,,
88,John Arnang (Arnung),Navy,Union,2,residence_at_enlistment,1864,"New York, 27th District, Wheeler","New York, New York",approximate,important_notes,"Enlisted August 22, 1864; Residence: New York, 27th District, Wheeler; Occupation: Cook; ""Scar right shoulderblade and left forearm""",Residence listed in notes; standardized place is best city/state match for mapping.,,
89,John Arnang (Arnung),Navy,Union,3,rendezvous_or_enlistment,"August 22, 1864","New York, New York","New York, New York",approximate,regiment_state + important_notes,"Enlisted August 22, 1864; Residence: New York, 27th District, Wheeler; Occupation: Cook; ""Scar right shoulderblade and left forearm""",,,
90,John Arnang (Arnung),Navy,Union,4,service_station,,"New York, New York","New York, New York",approximate,important_notes,"Enlisted August 22, 1864; Residence: New York, 27th District, Wheeler; Occupation: Cook; ""Scar right shoulderblade and left forearm""","Station/location inferred from notes; may represent receiving ship, yard, prison, or service area rather than a full route.",,
91,John Ase,Navy,Union,1,birth_place,1839,China,China,exact,born_if_known,"China, 1839",,,
92,John Ase,Navy,Union,2,residence_at_enlistment,1864,"New Jersey, Third District",New Jersey,approximate,important_notes,"Enlisted July 25, 1864.; Residence: New Jersey, Third District; Occupation: Cook; ""Scar right (?); tattooed both forearms""; 8-20-64: NA Squad-Minn-Mercedita; 2-11-65 Potomac; Fle. Rescue MR-65",Residence listed in notes; standardized place is best city/state match for mapping.,,
93,John Ase,Navy,Union,3,rendezvous_or_enlistment,"July 25, 1864","New York, New York","New York, New York",approximate,regiment_state + important_notes,"Enlisted July 25, 1864.; Residence: New Jersey, Third District; Occupation: Cook; ""Scar right (?); tattooed both forearms""; 8-20-64: NA Squad-Minn-Mercedita; 2-11-65 Potomac; Fle. Rescue MR-65",,,
94,John Ase,Navy,Union,4,service_station,,New Jersey,New Jersey,approximate,important_notes,"Enlisted July 25, 1864.; Residence: New Jersey, Third District; Occupation: Cook; ""Scar right (?); tattooed both forearms""; 8-20-64: NA Squad-Minn-Mercedita; 2-11-65 Potomac; Fle. Rescue MR-65","Station/location inferred from notes; may represent receiving ship, yard, prison, or service area rather than a full route.",,
95,John Ase (same as above),Navy,,1,residence_at_enlistment,,,,approximate,important_notes,,Residence listed in notes; standardized place is best city/state match for mapping.,,
96,John Assough,Navy,Union,1,birth_place,1832,China,China,exact,born_if_known,"China, 1832",,,
97,John Assough,Navy,Union,2,residence_at_enlistment,,,,approximate,important_notes,"Enlisted June 25, 2026. ""Scar Belly and left thigh""; 8-6-64: N. A. Squadron-Minn-Crusader; 6-30-65: Navy Yard- Washington, R; Aud. '99",Residence listed in notes; standardized place is best city/state match for mapping.,,
98,John Assough,Navy,Union,3,rendezvous_or_enlistment,"June 25, 1865","New York, New York","New York, New York",approximate,regiment_state + important_notes,"Enlisted June 25, 2026. ""Scar Belly and left thigh""; 8-6-64: N. A. Squadron-Minn-Crusader; 6-30-65: Navy Yard- Washington, R; Aud. '99",,,
99,John Assough,Navy,Union,4,service_station,"June 30, 1865","Washington, District of Columbia","Washington, District of Columbia",approximate,important_notes,"Enlisted June 25, 2026. ""Scar Belly and left thigh""; 8-6-64: N. A. Squadron-Minn-Crusader; 6-30-65: Navy Yard- Washington, R; Aud. '99","Station/location inferred from notes; may represent receiving ship, yard, prison, or service area rather than a full route.",,
100,A-Ti,Navy,,1,residence_at_enlistment,,,,approximate,important_notes,,Residence listed in notes; standardized place is best city/state match for mapping.,,
101,John Comfort,Navy,Union,1,birth_place,,China,China,exact,born_if_known,China,,,
102,John Comfort,Navy,Union,2,residence_at_enlistment,,,,approximate,important_notes,"Married Au Kung Ling in Hong Kong in 1878, died April 6, 1907. ; U.S.S North Carolina, Seneca, and Constellation. Had one daughter Tai Kau, July 27 1899.; Complexion: ""Copper""; Occupation priot to enlisting: ""Steward""; Possible scar on right temple.; Enlisted September 27, 1864. Discharged October 1866.",Residence listed in notes; standardized place is best city/state match for mapping.,,
103,Joseph Cross,Navy,,1,residence_at_enlistment,,,,approximate,important_notes,,Residence listed in notes; standardized place is best city/state match for mapping.,,
104,Joseph Daily,Navy,Union,1,birth_place,1840,China,China,exact,born_if_known,"China, 1840, 24 at enlistment",,,
105,Joseph Daily,Navy,Union,2,residence_at_enlistment,,,,approximate,important_notes,"""Swarthy Complexion"". Enlisted: August 20th, 1864",Residence listed in notes; standardized place is best city/state match for mapping.,,
106,Joseph Daily,Navy,Union,3,rendezvous_or_enlistment,"August 20th, 1864","New York, New York","New York, New York",approximate,regiment_state + important_notes,"""Swarthy Complexion"". Enlisted: August 20th, 1864",,,
107,John R. Foote,Navy,Union,1,birth_place,1831,China,China,exact,born_if_known,"China, 1831",,,
108,John R. Foote,Navy,Union,2,residence_at_enlistment,,,,approximate,important_notes,"Enlisted: April 24th, 1863. Occupation: Cook",Residence listed in notes; standardized place is best city/state match for mapping.,,
109,John R. Foote,Navy,Union,3,rendezvous_or_enlistment,"April 24th, 1863","New York, New York","New York, New York",approximate,regiment_state + important_notes,"Enlisted: April 24th, 1863. Occupation: Cook",,,
110,John (Ah) Hang (William Hang? Tonk Kee Hang),Navy,Union,1,birth_place,"July 17, 1841","Canton, China","Canton, China",exact,born_if_known,"Canton, China, July 17, 1841",,,
111,John (Ah) Hang (William Hang? Tonk Kee Hang),Navy,Union,2,residence_at_enlistment,,,,approximate,important_notes,"Enlisted: July 24, 1863. U.S.S Albatross and Penguin Final Discharge: Sept. 30, 1864. GAR muster date: 15 Jun, 1920 in New York. Occupation after War: Tobacco Merchant. Residence after war: Soldiers and Sailors Home; No.8 Franklin street, New York City; Had a business at 500 Pearl Street and on Mott Street; Pension Approved: https://www.fold3.com/image/67165789/hang-john-page-117-us-navy-survivors-certificates-1861-1910; William Hang Confusion: Took the name of William at the urging of his first wife; Married Twice: Jennie Busch, 1868 in Savannah Georgia, died at West Brighton Staten Island. Second was to Maggie Duffy in 1878 and she died in April 1887 at West Brighton Staten Island. Widower at time of interview, 1917.; Attempted to naturalize but faced legal struggles and failed.; Died in Staten Island Hospital on December 3rd, 1923",Residence listed in notes; standardized place is best city/state match for mapping.,,
111,John (Ah) Hang (William Hang? Tonk Kee Hang),Navy,Union,2,business_location,,500 Pearl Street,"New York, New York",approximate,important_notes,"Enlisted: July 24, 1863. U.S.S Albatross and Penguin Final Discharge: Sept. 30, 1864. GAR muster date: 15 Jun, 1920 in New York. Occupation after War: Tobacco Merchant. Residence after war: Soldiers and Sailors Home; No.8 Franklin street, New York City; Had a business at 500 Pearl Street and on Mott Street; Pension Approved: https://www.fold3.com/image/67165789/hang-john-page-117-us-navy-survivors-certificates-1861-1910; William Hang Confusion: Took the name of William at the urging of his first wife; Married Twice: Jennie Busch, 1868 in Savannah Georgia, died at West Brighton Staten Island. Second was to Maggie Duffy in 1878 and she died in April 1887 at West Brighton Staten Island. Widower at time of interview, 1917.; Attempted to naturalize but faced legal struggles and failed.; Died in Staten Island Hospital on December 3rd, 1923",Residence listed in notes; standardized place is best city/state match for mapping.,,
111,John (Ah) Hang (William Hang? Tonk Kee Hang),Navy,Union,2,residence_after_enlistment,1865,No. 8 Franklin Street,New York City,approximate,important_notes,"Enlisted: July 24, 1863. U.S.S Albatross and Penguin Final Discharge: Sept. 30, 1864. GAR muster date: 15 Jun, 1920 in New York. Occupation after War: Tobacco Merchant. Residence after war: Soldiers and Sailors Home; No.8 Franklin street, New York City; Had a business at 500 Pearl Street and on Mott Street; Pension Approved: https://www.fold3.com/image/67165789/hang-john-page-117-us-navy-survivors-certificates-1861-1910; William Hang Confusion: Took the name of William at the urging of his first wife; Married Twice: Jennie Busch, 1868 in Savannah Georgia, died at West Brighton Staten Island. Second was to Maggie Duffy in 1878 and she died in April 1887 at West Brighton Staten Island. Widower at time of interview, 1917.; Attempted to naturalize but faced legal struggles and failed.; Died in Staten Island Hospital on December 3rd, 1923",Residence listed in notes; standardized place is best city/state match for mapping.,,
112,John (Ah) Hang (William Hang? Tonk Kee Hang),Navy,Union,3,rendezvous_or_enlistment,"July 24, 1863","New York, New York","New York, New York",approximate,regiment_state + important_notes,"Enlisted: July 24, 1863. U.S.S Albatross and Penguin Final Discharge: Sept. 30, 1864. GAR muster date: 15 Jun, 1920 in New York. Occupation after War: Tobacco Merchant. Residence after war: Soldiers and Sailors Home; No.8 Franklin street, New York City; Had a business at 500 Pearl Street and on Mott Street; Pension Approved: https://www.fold3.com/image/67165789/hang-john-page-117-us-navy-survivors-certificates-1861-1910; William Hang Confusion: Took the name of William at the urging of his first wife; Married Twice: Jennie Busch, 1868 in Savannah Georgia, died at West Brighton Staten Island. Second was to Maggie Duffy in 1878 and she died in April 1887 at West Brighton Staten Island. Widower at time of interview, 1917.; Attempted to naturalize but faced legal struggles and failed.; Died in Staten Island Hospital on December 3rd, 1923",,,
112,John (Ah) Hang (William Hang? Tonk Kee Hang),Navy,Union,3,death_place,Dec 3rd 1923,Staten Island Hospial,"New York, New York",approximate,regiment_state + important_notes,"Enlisted: July 24, 1863. U.S.S Albatross and Penguin Final Discharge: Sept. 30, 1864. GAR muster date: 15 Jun, 1920 in New York. Occupation after War: Tobacco Merchant. Residence after war: Soldiers and Sailors Home; No.8 Franklin street, New York City; Had a business at 500 Pearl Street and on Mott Street; Pension Approved: https://www.fold3.com/image/67165789/hang-john-page-117-us-navy-survivors-certificates-1861-1910; William Hang Confusion: Took the name of William at the urging of his first wife; Married Twice: Jennie Busch, 1868 in Savannah Georgia, died at West Brighton Staten Island. Second was to Maggie Duffy in 1878 and she died in April 1887 at West Brighton Staten Island. Widower at time of interview, 1917.; Attempted to naturalize but faced legal struggles and failed.; Died in Staten Island Hospital on December 3rd, 1923",,,
113,John Harry,Navy,Union,1,birth_place,1834,China,China,exact,born_if_known,"China, 1834",,,
114,John Harry,Navy,Union,2,residence_at_enlistment,1864,"Fifth District, Newark",New Jersey,approximate,important_notes,"Enlisted: June 25th, 1864: Residence- New Jersey, Fifth District, Newark. Occupation: Cook",Residence listed in notes; standardized place is best city/state match for mapping.,,
115,John Harry,Navy,Union,3,rendezvous_or_enlistment,"June 25th, 1864","New York, New York","New York, New York",approximate,regiment_state + important_notes,"Enlisted: June 25th, 1864: Residence- New Jersey, Fifth District, Newark. Occupation: Cook",,,
116,George Hitchings,Navy,Union,1,birth_place,,China,China,exact,born_if_known,"China, 1837-1838",,,
117,George Hitchings,Navy,Union,2,residence_at_enlistment,,,,approximate,important_notes,"Enlisted: February 1862. Occupation: Cook. ""Chinese""",Residence listed in notes; standardized place is best city/state match for mapping.,,
118,George Hitchings,Navy,Union,3,rendezvous_or_enlistment,February 1862,"Boston, Massachusetts","Boston, Massachusetts",approximate,regiment_state + important_notes,"Enlisted: February 1862. Occupation: Cook. ""Chinese""",,,
119,John How,Navy,Union,1,birth_place,,China,China,exact,born_if_known,"China, 1834",,,
120,John How,Navy,Union,2,residence_at_enlistment,,,,approximate,important_notes,"""Career: Cook"" Enlisted July 5th, 1864 for 3 years; Race: White; ""Five scars on forehead""",Residence listed in notes; standardized place is best city/state match for mapping.,,
121,John How,Navy,Union,3,rendezvous_or_enlistment,"July 5th, 1864","Kingston, Ulster, New York","Kingston, Ulster, New York",approximate,regiment_state + important_notes,"""Career: Cook"" Enlisted July 5th, 1864 for 3 years; Race: White; ""Five scars on forehead""",,,
122,Charles Irwin,Navy,Union,1,birth_place,1838,"Hong Kong, China","Hong Kong, China",exact,born_if_known,"Hong Kong, China, 1838",,,
123,Charles Irwin,Navy,Union,2,residence_at_enlistment,,,,approximate,important_notes,"Enlisted: Nov. 30, 1861 for 3 years; Occupation: Mariner; ""Dark"" Complexion",Residence listed in notes; standardized place is best city/state match for mapping.,,
124,Charles Irwin,Navy,Union,3,rendezvous_or_enlistment,"Nov. 30, 1861","Philadelphia, Pennsylvania","Philadelphia, Pennsylvania",approximate,regiment_state + important_notes,"Enlisted: Nov. 30, 1861 for 3 years; Occupation: Mariner; ""Dark"" Complexion",,,
125,Ki-Ying,Navy,Union,1,birth_place,1840-1841,"Canton, China","Canton, China",exact,born_if_known,"Canton, China, born 1840-1841",,,
126,Ki-Ying,Navy,Union,2,residence_at_enlistment,,,,approximate,important_notes,"Enlisted: Nov. 30, 1861 for 3 years; https://www.fold3.com/sub-image/268540010/ki-ying-blank-us-naval-enlistment-weekly-returns-1855-1891. https://www.fold3.com/search?docQuery=(filters:!((type:military.conflict,values:!((label:US+Civil+War,value:US+Civil+War),(label:%27Civil+War+(Union)%27,value:%27Civil+War+(Union)%27)))),keywords:Ki-Ying); https://www.fold3.com/image/309952563/ki-ying-page-1-us-rendezvous-reports-index-civil-war-1861-1865",Residence listed in notes; standardized place is best city/state match for mapping.,,
127,Ki-Ying,Navy,Union,3,rendezvous_or_enlistment,"Nov. 30, 1861","New York, New York","New York, New York",approximate,regiment_state + important_notes,"Enlisted: Nov. 30, 1861 for 3 years; https://www.fold3.com/sub-image/268540010/ki-ying-blank-us-naval-enlistment-weekly-returns-1855-1891. https://www.fold3.com/search?docQuery=(filters:!((type:military.conflict,values:!((label:US+Civil+War,value:US+Civil+War),(label:%27Civil+War+(Union)%27,value:%27Civil+War+(Union)%27)))),keywords:Ki-Ying); https://www.fold3.com/image/309952563/ki-ying-page-1-us-rendezvous-reports-index-civil-war-1861-1865",,,
128,Kwong Lee,Navy,,1,birth_place,,not found on fold 3,not found on fold 3,exact,born_if_known,not found on fold 3,,,
129,Kwong Lee,Navy,,2,residence_at_enlistment,,,,approximate,important_notes,,Residence listed in notes; standardized place is best city/state match for mapping.,,
130,"Antonio Lofes (Lopes, Lopez)",Navy,Union,1,birth_place,,Unknown,Unknown,exact,born_if_known,Unknown,,,
131,"Antonio Lofes (Lopes, Lopez)",Navy,Union,2,residence_at_enlistment,,,,approximate,important_notes,"Enlisted: August 27th, 1864. Record of service: 9/3/64, N.A. Squad., S. de Cuba, to Princeton June 17/65 ""Never reported"" Aud. '99 He literally vanishes, no record of him after this.",Residence listed in notes; standardized place is best city/state match for mapping.,,
132,"Antonio Lofes (Lopes, Lopez)",Navy,Union,3,rendezvous_or_enlistment,"August 27th, 1864","Brooklyn, New York","Brooklyn, New York",approximate,regiment_state + important_notes,"Enlisted: August 27th, 1864. Record of service: 9/3/64, N.A. Squad., S. de Cuba, to Princeton June 17/65 ""Never reported"" Aud. '99 He literally vanishes, no record of him after this.",,,
133,Marcella Montez,Navy,,1,birth_place,,Not found on fold 3,Not found on fold 3,exact,born_if_known,Not found on fold 3,,,
134,Marcella Montez,Navy,,2,residence_at_enlistment,,,,approximate,important_notes,,Residence listed in notes; standardized place is best city/state match for mapping.,,
135,Peter Mullen,Navy,Union,1,birth_place,1836,China,China,exact,born_if_known,"China, born 1836",,,
136,Peter Mullen,Navy,Union,2,residence_at_enlistment,,,,approximate,important_notes,"""Swarthy"" Complexion: Enlisted April 16th, 1864. Record of Service: 4/13/64- Onondaga. Discharged July 24th, 1865. Occupation: Mariner",Residence listed in notes; standardized place is best city/state match for mapping.,,
137,Peter Mullen,Navy,Union,3,rendezvous_or_enlistment,"April 16th, 1864","New York, New York","New York, New York",approximate,regiment_state + important_notes,"""Swarthy"" Complexion: Enlisted April 16th, 1864. Record of Service: 4/13/64- Onondaga. Discharged July 24th, 1865. Occupation: Mariner",,,
138,John Owen,Navy,,1,birth_place,,Too many John Owens,Too many John Owens,exact,born_if_known,Too many John Owens,,,
139,John Owen,Navy,,2,residence_at_enlistment,,,,approximate,important_notes,any relation? https://www.ancestry.com/offers/join?dbid=1107&gsfn&gsln&h=116249&url=http%3A%2F%2Fwww.ancestry.com%2Fsearch%2Fcollections%2F1107%2Frecords%2F116249,Residence listed in notes; standardized place is best city/state match for mapping.,,
140,Lester L. Russell,Navy,,1,birth_place,,"looked at, found nothing, DAVIS","looked at, found nothing, DAVIS",exact,born_if_known,"looked at, found nothing, DAVIS",,,
141,Lester L. Russell,Navy,,2,residence_at_enlistment,,,,approximate,important_notes,,Residence listed in notes; standardized place is best city/state match for mapping.,,
142,John Shin,Navy,Union,1,birth_place,1840,China,China,exact,born_if_known,"China, 1840, 24 at enlistment",,,
143,John Shin,Navy,Union,2,residence_at_enlistment,,,,approximate,important_notes,"https://catalog.archives.gov/search?page=1&q=john%20shin , https://www.fold3.com/external/ANCESTRY_DOCUMENT/3563363:1555?memorial=658558712; Occupation before war: ""Clerk and Steward""; Eyes, Hair, Complexion: Black, black, dark.; 5'6''; scars on both cheeks; Enlisted: August 27th, 1864",Residence listed in notes; standardized place is best city/state match for mapping.,,
144,John Shin,Navy,Union,3,rendezvous_or_enlistment,"August 27th, 1864","Huron, New York, district 24","Huron, New York, district 24",approximate,regiment_state + important_notes,"https://catalog.archives.gov/search?page=1&q=john%20shin , https://www.fold3.com/external/ANCESTRY_DOCUMENT/3563363:1555?memorial=658558712; Occupation before war: ""Clerk and Steward""; Eyes, Hair, Complexion: Black, black, dark.; 5'6''; scars on both cheeks; Enlisted: August 27th, 1864",,,
145,John Smith,Navy,,1,residence_at_enlistment,,,,approximate,important_notes,,Residence listed in notes; standardized place is best city/state match for mapping.,,
146,Thomas Smith,Navy,,1,birth_place,,Need to revisit later,Need to revisit later,exact,born_if_known,Need to revisit later,,,
147,Thomas Smith,Navy,,2,residence_at_enlistment,,,,approximate,important_notes,,Residence listed in notes; standardized place is best city/state match for mapping.,,
148,Robert Spicer,Navy,Union,1,birth_place,1842,"Shanghai, China","Shanghai, China",exact,born_if_known,"Shanghai, China, born 1842",,,
149,Robert Spicer,Navy,Union,2,residence_at_enlistment,,,,approximate,important_notes,"married Alice Summers Spicer 1875 at St. Marks Church, served four years on U.S.S Sabine., Died 1890 or 1900. 1880 census- recorded as fisherman. 1860 census, listed as laboror at 17. have a picture of him!",Residence listed in notes; standardized place is best city/state match for mapping.,,
150,Robert Spicer,Navy,Union,3,rendezvous_or_enlistment,,"New London, Connecticut","New London, Connecticut",approximate,regiment_state + important_notes,"married Alice Summers Spicer 1875 at St. Marks Church, served four years on U.S.S Sabine., Died 1890 or 1900. 1880 census- recorded as fisherman. 1860 census, listed as laboror at 17. have a picture of him!",,,
151,John Thompson,Navy,,1,birth_place,,Revisit this later!,Revisit this later!,exact,born_if_known,Revisit this later!,,,
152,John Thompson,Navy,,2,residence_at_enlistment,,,,approximate,important_notes,"Link ""might"" be him, will return to this when i can",Residence listed in notes; standardized place is best city/state match for mapping.,,
153,Samuel Thompson (same as below),Navy,,1,residence_at_enlistment,,,,approximate,important_notes,,Residence listed in notes; standardized place is best city/state match for mapping.,,
154,Samuel Thompson,Navy,Union,1,birth_place,1844,China,China,exact,born_if_known,"China, born 1844",,,
155,Samuel Thompson,Navy,Union,2,residence_at_enlistment,,,,approximate,important_notes,"""Yellow"" Complexion",Residence listed in notes; standardized place is best city/state match for mapping.,,
156,Samuel Thompson,Navy,Union,3,rendezvous_or_enlistment,,"New York, New York","New York, New York",approximate,regiment_state + important_notes,"""Yellow"" Complexion",,,
157,John A. Wing,Navy,Union,1,birth_place,1838,China,China,exact,born_if_known,"China, born abt 1838",,,
158,John A. Wing,Navy,Union,2,residence_at_enlistment,,,,approximate,important_notes,"naval hospital admission, rank listed as ""leds"", cannot read disease listed. Still looking for more information on him. https://www.fold3.com/sub-image/287639091/wing-john-a-us-pension-numerical-index-1860-1934 (pension certificate)",Residence listed in notes; standardized place is best city/state match for mapping.,,
159,John A. Wing,Navy,Union,3,rendezvous_or_enlistment,,"New York, New York","New York, New York",approximate,regiment_state + important_notes,"naval hospital admission, rank listed as ""leds"", cannot read disease listed. Still looking for more information on him. https://www.fold3.com/sub-image/287639091/wing-john-a-us-pension-numerical-index-1860-1934 (pension certificate)",,,
160,John Wylee,Navy,Union,1,birth_place,1834,China,China,exact,born_if_known,"China, born 1834",,,
161,John Wylee,Navy,Union,2,residence_at_enlistment,,,,approximate,important_notes,"""Swarthy Complexion."" Enlisted March 8th, 1862. Relief, R.S. Boston — Feb. 20, 1864; Harvest Moon — Mar. 5, 1864; Dis. Nov. 28, 1865 — R.S. Phila.",Residence listed in notes; standardized place is best city/state match for mapping.,,
162,John Wylee,Navy,Union,3,rendezvous_or_enlistment,"March 8th, 1862","New York, New York","New York, New York",approximate,regiment_state + important_notes,"""Swarthy Complexion."" Enlisted March 8th, 1862. Relief, R.S. Boston — Feb. 20, 1864; Harvest Moon — Mar. 5, 1864; Dis. Nov. 28, 1865 — R.S. Phila.",,,
163,John Wylee,Navy,Union,4,service_station,Feb. 20 1864,"Boston, Massachusetts","Boston, Massachusetts",approximate,important_notes,"""Swarthy Complexion."" Enlisted March 8th, 1862. Relief, R.S. Boston — Feb. 20, 1864; Harvest Moon — Mar. 5, 1864; Dis. Nov. 28, 1865 — R.S. Phila.","Station/location inferred from notes; may represent receiving ship, yard, prison, or service area rather than a full route.",,
164,John Wylee,Navy,Union,5,service_station,Nov. 28 1865,"Philadelphia, Pennsylvania","Philadelphia, Pennsylvania",approximate,important_notes,"""Swarthy Complexion."" Enlisted March 8th, 1862. Relief, R.S. Boston — Feb. 20, 1864; Harvest Moon — Mar. 5, 1864; Dis. Nov. 28, 1865 — R.S. Phila.","Station/location inferred from notes; may represent receiving ship, yard, prison, or service area rather than a full route.",,